Model,Feature Set,Features,Val Thresh,Val PR-AUC,Test PR-AUC,Test ROC-AUC,Test Precision,Test Recall,Test F1
logistic_regression,COMBINED,42,0.7425,0.0632,0.0348,0.6525,0.0261,0.0678,0.0377
logistic_regression,HR_ONLY,6,0.6831,0.0385,0.0331,0.6719,0.0207,0.0678,0.0317
logistic_regression,BP_ONLY,18,0.7227,0.0343,0.0277,0.6203,0.0,0.0,0.0
logistic_regression,SPO2_ONLY,6,0.4357,0.023,0.0278,0.5962,0.0205,1.0,0.0402
logistic_regression,RESP_ONLY,6,0.5841,0.0631,0.0207,0.4846,0.0098,0.0339,0.0152
logistic_regression,TEMP_ONLY,6,0.6039,0.0412,0.0419,0.6838,0.0381,0.1356,0.0595
random_forest,COMBINED,42,0.5148,0.0345,0.097,0.709,0.1176,0.2373,0.1573
random_forest,HR_ONLY,6,0.6633,0.039,0.0357,0.6854,0.0388,0.1356,0.0604
random_forest,BP_ONLY,18,0.7029,0.0652,0.0288,0.6025,0.0,0.0,0.0
random_forest,SPO2_ONLY,6,0.0991,0.0176,0.0196,0.4752,0.0202,0.9831,0.0395
random_forest,RESP_ONLY,6,0.4753,0.0456,0.0212,0.4935,0.0192,0.2203,0.0354
random_forest,TEMP_ONLY,6,0.7227,0.1022,0.0388,0.6664,0.072,0.1525,0.0978
hist_gradient_boosting,COMBINED,42,0.4852,0.0427,0.0416,0.6313,0.0312,0.0847,0.0457
